{
  "controller/Worklist-dbg.controller.js": 1671014576637,
  "controller/NotFound.controller.js": 1671014576633,
  "utils/locate-reuse-libs.js": 1671014576625,
  "model/models.js": 1671014576629,
  "model/formatter.js": 1671014576637,
  "controller/Worklist.controller.js": 1671014576637,
  "controller/Object.controller.js": 1671014576633,
  "manifest.json": 1671035245498,
  "controller/ErrorHandler.js": 1671014576633,
  "controller/BaseController.js": 1671014576633,
  "controller/App.controller.js": 1671014576633,
  "Component.js": 1671014576625,
  "Component-preload.js": 1671035245756,
  "controller/Object-dbg.controller.js": 1671014576633,
  "model/formatter-dbg.js": 1671014576637,
  "utils/locate-reuse-libs-dbg.js": 1671014576625,
  "i18n/i18n.properties": 1671014610041,
  "model/models-dbg.js": 1671014576629,
  "controller/NotFound-dbg.controller.js": 1671014576633,
  "controller/ErrorHandler-dbg.js": 1671014576633,
  "controller/BaseController-dbg.js": 1671014576633,
  "controller/App-dbg.controller.js": 1671014576633,
  "Component-dbg.js": 1671014576625,
  "view/Worklist.view.xml": 1671014576645,
  "view/ObjectNotFound.view.xml": 1671014576645,
  "view/Object.view.xml": 1671014576641,
  "view/NotFound.view.xml": 1671014576641,
  "view/App.view.xml": 1671014576637,
  "index.html": 1671014576625
}