{
  "i18n/i18n.properties": 1671540907709,
  "controller/Object.controller.js": 1671733320725,
  "utils/locate-reuse-libs.js": 1671014576625,
  "model/models.js": 1671014576629,
  "model/formatter.js": 1671014576637,
  "controller/Worklist.controller.js": 1672039902294,
  "manifest.json": 1672393573039,
  "controller/NotFound.controller.js": 1671014576633,
  "controller/ErrorHandler.js": 1671014576633,
  "controller/BaseController.js": 1671715867409,
  "controller/App.controller.js": 1671014576633,
  "control/ProductRating.js": 1671548422857,
  "Component.js": 1671014576625,
  "Component-preload.js": 1672393573467,
  "controller/Object-dbg.controller.js": 1671733320725,
  "model/models-dbg.js": 1671014576629,
  "model/formatter-dbg.js": 1671014576637,
  "controller/Worklist-dbg.controller.js": 1672039902294,
  "utils/locate-reuse-libs-dbg.js": 1671014576625,
  "controller/NotFound-dbg.controller.js": 1671014576633,
  "controller/ErrorHandler-dbg.js": 1671014576633,
  "controller/BaseController-dbg.js": 1671715867409,
  "controller/App-dbg.controller.js": 1671014576633,
  "control/ProductRating-dbg.js": 1671548422857,
  "Component-dbg.js": 1671014576625,
  "view/Worklist.view.xml": 1672039918482,
  "view/ObjectNotFound.view.xml": 1671014576645,
  "view/Object.view.xml": 1671718013451,
  "view/NotFound.view.xml": 1671014576641,
  "view/App.view.xml": 1671014576637,
  "css/style.css": 1671540875321,
  "index.html": 1671014576625
}